{
  "K": 36,
  "val_window": 12,
  "origin_months": [
    "2022-01",
    "2022-02",
    "2022-03",
    "2022-04",
    "2022-05",
    "2022-06",
    "2022-07",
    "2022-08",
    "2022-09",
    "2022-10",
    "2022-11",
    "2022-12",
    "2023-01",
    "2023-02",
    "2023-03",
    "2023-04",
    "2023-05",
    "2023-06",
    "2023-07",
    "2023-08",
    "2023-09",
    "2023-10",
    "2023-11",
    "2023-12",
    "2024-01",
    "2024-02",
    "2024-03",
    "2024-04",
    "2024-05",
    "2024-06",
    "2024-07",
    "2024-08",
    "2024-09",
    "2024-10",
    "2024-11",
    "2024-12"
  ],
  "actual": [
    324547.0,
    245688.0,
    477845.0,
    397647.0,
    301645.0,
    423995.0,
    282401.0,
    271722.0,
    302994.0,
    334998.0,
    381779.0,
    303759.0,
    318337.0,
    470944.0,
    382174.0,
    290834.0,
    229891.0,
    363045.03125,
    417660.03125,
    390655.0,
    254067.015625,
    333414.0,
    381947.0,
    298599.0,
    324400.0,
    247736.0,
    481013.0,
    398313.96875,
    294995.0,
    413985.0,
    285429.0,
    278403.0,
    303710.0,
    329541.0,
    377284.0,
    302241.0
  ],
  "p50": [
    330361.9375,
    263091.625,
    470171.8125,
    386465.125,
    306740.84375,
    432563.09375,
    292907.25,
    283048.65625,
    315272.75,
    342631.78125,
    385002.1875,
    301891.5625,
    328901.65625,
    492952.875,
    384611.34375,
    298918.40625,
    235358.109375,
    363422.21875,
    416171.8125,
    401767.4375,
    254098.65625,
    328306.53125,
    381786.96875,
    295983.1875,
    320133.84375,
    252047.40625,
    470128.25,
    398486.46875,
    298918.6875,
    414687.875,
    291483.375,
    278139.34375,
    305235.5625,
    331969.1875,
    376830.59375,
    305849.59375
  ],
  "quantiles": [
    0.05,
    0.1,
    0.25,
    0.5,
    0.75,
    0.9,
    0.95
  ],
  "pred_quantiles": [
    [
      255402.6875,
      281021.0625,
      304857.3125,
      330361.9375,
      354230.0625,
      382668.875,
      414522.9375
    ],
    [
      210508.265625,
      231805.578125,
      248397.765625,
      263091.625,
      274424.25,
      289461.4375,
      304155.96875
    ],
    [
      419444.59375,
      443981.03125,
      459417.40625,
      470171.8125,
      478385.8125,
      487047.21875,
      496091.1875
    ],
    [
      350465.46875,
      367737.09375,
      377759.09375,
      386465.125,
      392762.4375,
      400080.28125,
      408233.09375
    ],
    [
      276609.875,
      292188.375,
      301192.125,
      306740.84375,
      310912.34375,
      316685.46875,
      324753.46875
    ],
    [
      402419.40625,
      417497.6875,
      426746.25,
      432563.09375,
      437876.34375,
      443753.03125,
      449153.28125
    ],
    [
      275026.0,
      283899.25,
      289194.90625,
      292907.25,
      296350.1875,
      301361.03125,
      305565.84375
    ],
    [
      258695.265625,
      271585.0,
      278949.1875,
      283048.65625,
      285464.75,
      289279.34375,
      293596.53125
    ],
    [
      290875.0625,
      303627.96875,
      310085.84375,
      315272.75,
      319139.96875,
      323697.6875,
      329726.46875
    ],
    [
      315412.84375,
      331305.9375,
      338800.5625,
      342631.78125,
      345805.5,
      350470.28125,
      356472.71875
    ],
    [
      345549.75,
      364923.03125,
      377799.625,
      385002.1875,
      391187.03125,
      399558.25,
      407847.6875
    ],
    [
      283439.84375,
      291688.1875,
      296890.3125,
      301891.5625,
      306155.84375,
      310674.9375,
      315870.4375
    ],
    [
      319436.3125,
      323376.78125,
      325766.3125,
      328901.65625,
      331941.84375,
      334866.71875,
      336680.4375
    ],
    [
      454157.65625,
      474714.25,
      485554.875,
      492952.875,
      499013.75,
      504247.3125,
      508396.21875
    ],
    [
      364919.78125,
      374962.71875,
      380469.15625,
      384611.34375,
      388285.0625,
      393039.46875,
      397553.28125
    ],
    [
      281581.96875,
      289317.625,
      294325.625,
      298918.40625,
      302926.28125,
      307528.5625,
      311719.28125
    ],
    [
      220937.15625,
      226656.546875,
      230425.515625,
      235358.109375,
      240365.84375,
      244832.4375,
      248115.1875
    ],
    [
      337284.40625,
      349721.25,
      357298.5625,
      363422.21875,
      370101.375,
      378577.0625,
      384068.0625
    ],
    [
      386191.59375,
      401681.9375,
      410232.375,
      416171.8125,
      420601.5625,
      425522.53125,
      430671.3125
    ],
    [
      385432.40625,
      393345.6875,
      397655.40625,
      401767.4375,
      405285.125,
      408965.875,
      411446.75
    ],
    [
      241127.890625,
      246436.9375,
      250059.203125,
      254098.65625,
      258976.109375,
      263313.34375,
      267359.375
    ],
    [
      314723.9375,
      320549.46875,
      324427.84375,
      328306.53125,
      331916.1875,
      335828.75,
      338753.34375
    ],
    [
      357908.28125,
      369397.875,
      376497.71875,
      381786.96875,
      385611.53125,
      390383.09375,
      395074.6875
    ],
    [
      275893.375,
      285669.46875,
      291665.3125,
      295983.1875,
      299526.4375,
      304670.40625,
      311418.625
    ],
    [
      305736.6875,
      312122.1875,
      316058.25,
      320133.84375,
      324601.34375,
      328947.4375,
      332035.3125
    ],
    [
      238020.03125,
      244157.203125,
      248144.9375,
      252047.40625,
      256119.90625,
      260195.5,
      263500.28125
    ],
    [
      448867.0625,
      459077.03125,
      465235.625,
      470128.25,
      473854.5625,
      476998.5625,
      479627.5
    ],
    [
      385621.28125,
      391731.0625,
      395073.65625,
      398486.46875,
      401404.84375,
      404155.125,
      406153.875
    ],
    [
      287440.375,
      291892.125,
      295301.46875,
      298918.6875,
      302615.1875,
      306753.96875,
      309373.65625
    ],
    [
      399815.28125,
      407212.0,
      411533.625,
      414687.875,
      417716.21875,
      420687.0625,
      422744.5625
    ],
    [
      278803.46875,
      283724.625,
      287583.75,
      291483.375,
      295847.6875,
      301092.875,
      303994.25
    ],
    [
      264441.0625,
      270324.53125,
      274011.78125,
      278139.34375,
      281719.40625,
      286906.90625,
      289775.9375
    ],
    [
      285868.15625,
      295864.34375,
      301122.1875,
      305235.5625,
      307834.15625,
      311156.59375,
      316071.59375
    ],
    [
      313971.78125,
      323552.84375,
      328102.40625,
      331969.1875,
      336222.71875,
      340509.1875,
      344460.375
    ],
    [
      355523.375,
      366269.5,
      372100.46875,
      376830.59375,
      381657.25,
      386710.3125,
      390268.84375
    ],
    [
      293174.75,
      298452.15625,
      301940.5625,
      305849.59375,
      309617.1875,
      313696.4375,
      316656.03125
    ]
  ],
  "metrics": {
    "MAE": 5850.665798611111,
    "RMSE": 7758.390710464321,
    "MAPE": 1.7741015281397896,
    "sMAPE": 1.7525610433434802,
    "PinballLoss": 1817.807654389881
  },
  "coverage": {
    "0.05": 0.027777777777777776,
    "0.10": 0.1388888888888889,
    "0.25": 0.3888888888888889,
    "0.50": 0.6944444444444444,
    "0.75": 0.9166666666666666,
    "0.90": 0.9722222222222222,
    "0.95": 0.9722222222222222
  }
}