{
  "protocol": {
    "lookback": 24,
    "hidden_size": 256,
    "n_layers": 3,
    "dropout": 0.1,
    "learning_rate": 0.001,
    "batch_size": 8,
    "revin_affine": false,
    "max_epochs": 300,
    "patience": 30
  },
  "quantiles": [
    0.05,
    0.1,
    0.25,
    0.5,
    0.75,
    0.9,
    0.95
  ],
  "seeds": [
    0,
    1,
    2
  ],
  "test_months": [
    "2023-01",
    "2023-02",
    "2023-03",
    "2023-04",
    "2023-05",
    "2023-06",
    "2023-07",
    "2023-08",
    "2023-09",
    "2023-10",
    "2023-11",
    "2023-12",
    "2024-01",
    "2024-02",
    "2024-03",
    "2024-04",
    "2024-05",
    "2024-06",
    "2024-07",
    "2024-08",
    "2024-09",
    "2024-10",
    "2024-11",
    "2024-12"
  ],
  "test_actual": [
    318337.0,
    470944.0,
    382174.0,
    290834.0,
    229891.0,
    363045.03125,
    417660.03125,
    390655.0,
    254067.015625,
    333414.0,
    381947.0,
    298599.0,
    324400.0,
    247736.0,
    481013.0,
    398313.96875,
    294995.0,
    413985.0,
    285429.0,
    278403.0,
    303710.0,
    329541.0,
    377284.0,
    302241.0
  ],
  "results": {
    "Naive": {
      "type": "baseline",
      "MAE": {
        "mean": 80045.16666666667,
        "std": 0.0
      },
      "RMSE": {
        "mean": 95211.06330192587,
        "std": 0.0
      },
      "MAPE": {
        "mean": 23.58812326475325,
        "std": 0.0
      },
      "sMAPE": {
        "mean": 23.36408505454898,
        "std": 0.0
      },
      "PinballLoss": {
        "mean": null,
        "std": null
      },
      "n_params": 0
    },
    "SeasonalNaive": {
      "type": "baseline",
      "MAE": {
        "mean": 72275.95833333333,
        "std": 0.0
      },
      "RMSE": {
        "mean": 96970.88561930155,
        "std": 0.0
      },
      "MAPE": {
        "mean": 21.848302491965065,
        "std": 0.0
      },
      "sMAPE": {
        "mean": 20.97936961952408,
        "std": 0.0
      },
      "PinballLoss": {
        "mean": null,
        "std": null
      },
      "n_params": 0
    },
    "MLP": {
      "type": "deep",
      "n_params": 139783,
      "train_time_s": 3.3,
      "MAE": {
        "mean": 6202.660481770833,
        "std": 515.1342929686439
      },
      "RMSE": {
        "mean": 7770.04150390625,
        "std": 804.8438062943937
      },
      "MAPE": {
        "mean": 1.7640903393427532,
        "std": 0.14042238046457897
      },
      "sMAPE": {
        "mean": 1.7639058828353882,
        "std": 0.13885643213682244
      },
      "PinballLoss": {
        "mean": 2025.6664248511909,
        "std": 309.9154093542699
      }
    },
    "DLinear": {
      "type": "deep",
      "n_params": 350,
      "train_time_s": 3.0,
      "MAE": {
        "mean": 21450.188802083332,
        "std": 1711.3218846868795
      },
      "RMSE": {
        "mean": 33051.28515625,
        "std": 3628.7567782782116
      },
      "MAPE": {
        "mean": 5.995932579040527,
        "std": 0.4870404123488987
      },
      "sMAPE": {
        "mean": 6.071911811828613,
        "std": 0.49994629985288336
      },
      "PinballLoss": {
        "mean": 5540.484543960813,
        "std": 478.12774309755497
      }
    },
    "TSMixer": {
      "type": "deep",
      "n_params": 4294,
      "train_time_s": 26.7,
      "MAE": {
        "mean": 22186.358072916668,
        "std": 1360.1518363681685
      },
      "RMSE": {
        "mean": 33457.60546875,
        "std": 285.88319190191646
      },
      "MAPE": {
        "mean": 6.234561443328857,
        "std": 0.5503188822435264
      },
      "sMAPE": {
        "mean": 6.309666156768799,
        "std": 0.4551787652620939
      },
      "PinballLoss": {
        "mean": 6865.378647383433,
        "std": 642.2829956073375
      }
    },
    "NHITS": {
      "type": "deep",
      "n_params": 422463,
      "train_time_s": 17.1,
      "MAE": {
        "mean": 7721.909016927083,
        "std": 901.0520396809699
      },
      "RMSE": {
        "mean": 9278.8603515625,
        "std": 567.0188042372337
      },
      "MAPE": {
        "mean": 2.2200441360473633,
        "std": 0.33678682705534185
      },
      "sMAPE": {
        "mean": 2.1987902323404946,
        "std": 0.32959215133047454
      },
      "PinballLoss": {
        "mean": 2234.8315569196425,
        "std": 188.76863679163964
      }
    },
    "NBEATS": {
      "type": "deep",
      "n_params": 583804,
      "train_time_s": 13.7,
      "MAE": {
        "mean": 6234.190592447917,
        "std": 469.25736370015284
      },
      "RMSE": {
        "mean": 7664.264973958333,
        "std": 417.97977411701055
      },
      "MAPE": {
        "mean": 1.837544322013855,
        "std": 0.1433828974950692
      },
      "sMAPE": {
        "mean": 1.8389343818028767,
        "std": 0.14626907059202762
      },
      "PinballLoss": {
        "mean": 1868.430113777282,
        "std": 53.03556092773298
      }
    }
  },
  "test_curves": {
    "Naive": [
      303759.0,
      318337.0,
      470944.0,
      382174.0,
      290834.0,
      229891.0,
      363045.0,
      417660.0,
      390655.0,
      254067.0,
      333414.0,
      381947.0,
      298599.0,
      324400.0,
      247736.0,
      481013.0,
      398314.0,
      294995.0,
      413985.0,
      285429.0,
      278403.0,
      303710.0,
      329541.0,
      377284.0
    ],
    "SeasonalNaive": [
      324547.0,
      245688.0,
      477845.0,
      397647.0,
      301645.0,
      423995.0,
      282401.0,
      271722.0,
      302994.0,
      334998.0,
      381779.0,
      303759.0,
      318337.0,
      470944.0,
      382174.0,
      290834.0,
      229891.0,
      363045.0,
      417660.0,
      390655.0,
      254067.0,
      333414.0,
      381947.0,
      298599.0
    ],
    "MLP": [
      318811.40625,
      483253.125,
      385420.375,
      291813.625,
      236645.125,
      363802.34375,
      429158.875,
      399454.46875,
      243673.484375,
      339481.875,
      381787.65625,
      307054.0625,
      316015.5,
      241856.46875,
      465948.09375,
      385456.375,
      293680.65625,
      420661.09375,
      284826.8125,
      280147.59375,
      310576.15625,
      333130.5,
      381899.625,
      305889.25
    ],
    "DLinear": [
      286220.25,
      377082.1875,
      426374.53125,
      288301.6875,
      251709.265625,
      383383.59375,
      431972.25,
      399462.21875,
      259133.5625,
      301126.53125,
      376451.53125,
      299585.34375,
      333688.09375,
      273196.8125,
      434651.78125,
      396080.5625,
      303027.59375,
      409217.5625,
      280764.90625,
      271369.59375,
      323415.75,
      317117.5,
      416838.53125,
      297019.25
    ],
    "TSMixer": [
      290003.375,
      373191.625,
      401363.28125,
      279739.1875,
      245656.890625,
      346455.375,
      410834.875,
      379671.34375,
      264745.28125,
      317613.46875,
      373237.90625,
      291657.90625,
      323200.21875,
      294912.4375,
      390221.875,
      376157.59375,
      291622.9375,
      392464.9375,
      312919.40625,
      252008.046875,
      303271.4375,
      343267.21875,
      422057.125,
      304997.46875
    ],
    "NHITS": [
      327088.4375,
      478614.9375,
      387897.6875,
      294013.59375,
      226495.0625,
      358831.8125,
      436845.875,
      407575.59375,
      257956.109375,
      339517.78125,
      391840.59375,
      312592.03125,
      324666.375,
      244539.578125,
      464159.875,
      387697.125,
      300972.53125,
      423738.53125,
      291196.53125,
      270746.65625,
      307984.625,
      332944.53125,
      387038.6875,
      301564.9375
    ],