{
  "protocol": {
    "lookback": 24,
    "hidden_size": 256,
    "n_layers": 3,
    "dropout": 0.1,
    "learning_rate": 0.001,
    "batch_size": 8,
    "revin_affine": false,
    "max_epochs": 300,
    "patience": 30
  },
  "quantiles": [
    0.05,
    0.1,
    0.25,
    0.5,
    0.75,
    0.9,
    0.95
  ],
  "seeds": [
    0,
    1,
    2
  ],
  "test_months": [
    "2024-01",
    "2024-02",
    "2024-03",
    "2024-04",
    "2024-05",
    "2024-06",
    "2024-07",
    "2024-08",
    "2024-09",
    "2024-10",
    "2024-11",
    "2024-12"
  ],
  "test_actual": [
    324400.0,
    247735.984375,
    481012.96875,
    398314.0,
    294995.0,
    413985.0,
    285429.0,
    278403.0,
    303710.0,
    329541.0,
    377284.0,
    302241.0
  ],
  "results": {
    "Naive": {
      "type": "baseline",
      "MAE": {
        "mean": 79188.0,
        "std": 0.0
      },
      "RMSE": {
        "mean": 99342.97501081796,
        "std": 0.0
      },
      "MAPE": {
        "mean": 22.761896882520364,
        "std": 0.0
      },
      "sMAPE": {
        "mean": 22.74887138244924,
        "std": 0.0
      },
      "PinballLoss": {
        "mean": null,
        "std": null
      },
      "n_params": 0
    },
    "SeasonalNaive": {
      "type": "baseline",
      "MAE": {
        "mean": 71494.83333333333,
        "std": 0.0
      },
      "RMSE": {
        "mean": 96009.14372513346,
        "std": 0.0
      },
      "MAPE": {
        "mean": 23.37359065016684,
        "std": 0.0
      },
      "sMAPE": {
        "mean": 20.716089717801868,
        "std": 0.0
      },
      "PinballLoss": {
        "mean": null,
        "std": null
      },
      "n_params": 0
    },
    "MLP": {
      "type": "deep",
      "n_params": 139783,
      "train_time_s": 9.6,
      "MAE": {
        "mean": 6232.435872395833,
        "std": 416.59350112678555
      },
      "RMSE": {
        "mean": 7521.116373697917,
        "std": 682.6032585196215
      },
      "MAPE": {
        "mean": 1.8671059608459473,
        "std": 0.18255833873801303
      },
      "sMAPE": {
        "mean": 1.883170207341512,
        "std": 0.1867215116906333
      },
      "PinballLoss": {
        "mean": 1865.7516803075396,
        "std": 223.97479966818412
      }
    },
    "DLinear": {
      "type": "deep",
      "n_params": 350,
      "train_time_s": 6.1,
      "MAE": {
        "mean": 11852.884765625,
        "std": 2115.8905024682967
      },
      "RMSE": {
        "mean": 18972.7275390625,
        "std": 3367.487393255597
      },
      "MAPE": {
        "mean": 3.4142160415649414,
        "std": 0.5961107366968296
      },
      "sMAPE": {
        "mean": 3.3492349783579507,
        "std": 0.5943436002102477
      },
      "PinballLoss": {
        "mean": 4534.948741319445,
        "std": 476.35824908483477
      }
    },
    "TSMixer": {
      "type": "deep",
      "n_params": 4294,
      "train_time_s": 30.9,
      "MAE": {
        "mean": 15716.866861979166,
        "std": 2149.1183163391847
      },
      "RMSE": {
        "mean": 23975.40625,
        "std": 4436.666689411644
      },
      "MAPE": {
        "mean": 4.355617841084798,
        "std": 0.5427057334667239
      },
      "sMAPE": {
        "mean": 4.334748983383179,
        "std": 0.5483559223304056
      },
      "PinballLoss": {
        "mean": 5282.96371217758,
        "std": 582.0654811728168
      }
    },
    "NHITS": {
      "type": "deep",
      "n_params": 422463,
      "train_time_s": 13.4,
      "MAE": {
        "mean": 5713.23974609375,
        "std": 71.68014823024046
      },
      "RMSE": {
        "mean": 7510.075846354167,
        "std": 580.2958205470137
      },
      "MAPE": {
        "mean": 1.6899885336558025,
        "std": 0.10438426134268596
      },
      "sMAPE": {
        "mean": 1.7091721296310425,
        "std": 0.1091474929201988
      },
      "PinballLoss": {
        "mean": 1664.7943545386906,
        "std": 116.99870033016568
      }
    },
    "NBEATS": {
      "type": "deep",
      "n_params": 583804,
      "train_time_s": 29.6,
      "MAE": {
        "mean": 5282.873209635417,
        "std": 324.0466618829179
      },
      "RMSE": {
        "mean": 6897.263834635417,
        "std": 206.69079455267928
      },
      "MAPE": {
        "mean": 1.5704484780629475,
        "std": 0.10084283383975687
      },
      "sMAPE": {
        "mean": 1.5883629719416301,
        "std": 0.09781179828657785
      },
      "PinballLoss": {
        "mean": 1584.5229569692463,
        "std": 22.597911290843676
      }
    }
  },
  "test_curves": {
    "Naive": [
      298599.0,
      324400.0,
      247736.0,
      481013.0,
      398314.0,
      294995.0,
      413985.0,
      285429.0,
      278403.0,
      303710.0,
      329541.0,
      377284.0
    ],
    "SeasonalNaive": [
      318337.0,
      470944.0,
      382174.0,
      290834.0,
      229891.0,
      363045.0,
      417660.0,
      390655.0,
      254067.0,
      333414.0,
      381947.0,
      298599.0
    ],
    "MLP": [
      322052.28125,
      256344.140625,
      467705.84375,
      389054.21875,
      297017.78125,
      415946.125,
      272432.5,
      263288.28125,
      303251.40625,
      337175.65625,
      379468.375,
      296285.0
    ],
    "DLinear": [
      329037.6875,
      265534.25,
      446952.34375,
      394788.75,
      294541.125,
      414307.03125,
      290145.09375,
      272473.3125,
      316481.15625,
      333342.4375,
      421152.625,
      301219.71875
    ],
    "TSMixer": [
      330170.25,
      267731.125,
      434830.59375,
      387156.71875,
      297385.65625,
      409767.34375,
      296616.34375,
      272623.84375,
      306079.875,
      337820.53125,
      409965.5,
      305349.78125
    ],
    "NHITS": [
      316237.9375,
      251402.34375,
      472474.5625,
      396705.0,
      282063.71875,
      413175.125,
      274619.78125,
      266793.65625,
      299562.875,
      331371.96875,
      376538.875,
      299756.96875
    ],
    "NBEATS": [
      320583.28125,
      238749.640625,
      466942.40625,
      390853.1875,
      293116.21875,
      418842.59375,
      292922.09375,
      269266.5625,
      304691.34375,
      326483.5625,
      372507.40625,
      300160.5625
    ]
  },
  "coverage_curves": {
    "MLP": [
      0.1111111111111111,
      0.16666666666666666,
      0.24999999999999997,
      0.4444444444444445,
      0.6666666666666666,
      0.7777777777777778,
      0.8333333333333334
    ],
    "DLinear": [
      0.0,
      0.0,
      0.16666666666666666,
      0.5833333333333334,
      0.8888888888888888,
      0.9722222222222222,
      1.0
    ],
    "TSMixer": [
      0.0,
      0.0,
      0.13888888888888887,
      0.6111111111111112,
      0.9166666666666666,
      0.9444444444444443,
      1.0
    ],
    "NHITS": [
      0.0,
      0.027777777777777776,
      0.1111111111111111,
      0.3888888888888889,
      0.6666666666666666,
      0.8055555555555555,
      0.9166666666666666
    ],
    "NBEATS": [
      0.0,
      0.0,
      0.13888888888888887,
      0.19444444444444442,
      0.5277777777777778,
      0.75,
      0.8333333333333334
    ]
  }
}