{
  "sigma_mode": "demand",
  "cost_params": {
    "holding": 4000.0,
    "ordering": 500000.0,
    "lead": 2.0
  },
  "c_grid": [
    300.0000000000001,
    328.1872940695135,
    359.0229999622309,
    392.7559562210785,
    429.65838167293293,
    470.02807218508684,
    514.1908038237784,
    562.5029618078461,
    615.3544164726794,
    673.1716694529769,
    736.4212954734311,
    805.6137075219689,
    881.3072757898111,
    964.1128336174415,
    1054.6986068086635,
    1153.795606091403,
    1262.203526241439,
    1380.7971994739194,
    1510.533655180359,
    1652.4598429819096,
    1807.7210814225527,
    1977.5703004816066,
    2163.3781524909764,
    2366.6440730503887,
    2589.008381200193,
    2832.2655164979415,
    3098.378519819507,
    3389.494874742227,
    3707.9638373471184,
    4056.3553942885333,
    4437.481002119425,
    4854.416275234822,
    5310.525805521074,
    5809.4903140009465,
    6355.336353583388,
    6952.468802613799,
    7605.706411441774,
    8320.32068886075,
    9102.078442225986,
    9957.288314541993,
    10892.851694065073,
    11916.318407252436,
    13035.9476444897,
    14260.774610256405,
    15600.683435584227,
    17066.48694119822,
    18670.0138950151,
    20424.20446815074,
    22343.214659749472,
    24442.530533324873,
    26739.09318647783,
    29251.435462475732,
    31999.831506929717,
    35006.4603764654,
    38295.5850196794,
    41893.74807472524,
    45829.986063579876,
    50136.063711499286,
    54846.730282578916,
    60000.00000000003
  ],
  "scenario1_accuracy": {
    "params": {
      "lookback": 24,
      "learning_rate": 0.00019505503578447792,
      "batch_size": 16,
      "revin_affine": true,
      "hidden_size": 384,
      "n_layers": 3,
      "dropout": 0.06870275994742903,
      "n_stacks": 2,
      "n_blocks": 3
    },
    "MAPE_mean": 1.1167784333229065,
    "MAPE_std": 0.1258874375379752,
    "TC_mean": 433000691.68271,
    "TC_std": 302053.4402474499,
    "c_star": 300.0000000000001,
    "tc_curve": [
      433009841.7682996,
      455914148.7415339,
      478038581.63405883,
      499457304.20742494,
      520233250.4817647,
      540420402.7917817,
      560065501.7029703,
      579209353.322259,
      597887845.0400126,
      616132746.0502865,
      633972346.2993436,
      651431972.2982583,
      668534407.8149624,
      685300240.1850417,
      701748147.8111465,
      717895140.6898687,
      733756763.0734099,
      749347265.3471392,
      764679750.683049,
      779766300.8744904,
      794618084.8721411,
      809245452.8556898,
      823658018.1403872,
      837864728.7960706,
      851873930.5217528,
      865693422.0515525,
      879330504.1526262,
      892792023.1016054,
      906084409.3841311,
      919213712.2458745,
      932185630.6277003,
      945005540.9383931,
      957678522.0524602,
      970209377.8654995,
      982602657.6933511,
      994862674.7624022,
      1006993523.0054176,
      1018999092.3493519,
      1030883082.6577349,
      1042649016.4698976,
      1054300250.6617825,
      1065839987.1380634,
      1077271282.6523256,
      1088597057.8408103,
      1099820105.5454602,
      1110943098.4935606,
      1121968596.393776,
      1132899052.5019972,
      1143736819.7046785,
      1154484156.1623235,
      1165143230.5514581,
      1175716126.9394643,
      1186204849.323266,
      1196611325.8597786,
      1206937412.81337,
      1217184898.2431006,
      1227355505.45049,
      1237450896.206469,
      1247472673.7746634,
      1257422385.7464218
    ]
  },
  "scenario2_cost": {
    "params": {
      "lookback": 13,
      "learning_rate": 0.007969454818643935,
      "batch_size": 8,
      "revin_affine": true,
      "hidden_size": 448,
      "n_layers": 3,
      "dropout": 0.21242177333881365,
      "n_stacks": 1,
      "n_blocks": 4
    },
    "MAPE_mean": 4.859134912490845,
    "MAPE_std": 0.9552299686486194,
    "TC_mean": 429651734.47025436,
    "TC_std": 2171980.6139075854,
    "c_star": 300.0000000000001,
    "tc_curve": [
      431235622.46611,
      454194782.98317504,
      476368666.1651434,
      497832282.05589473,
      518649233.6827215,
      538874040.6845082,
      558553881.1373122,
      577729921.7324761,
      596438350.2423646,
      614711188.492194,
      632576940.7280554,
      650061116.6575196,
      667186657.7596607,
      683974288.0134369,
      700442804.9076741,
      716609322.7848072,
      732489477.7828805,
      748097601.5742327,
      763446869.5494218,
      778549427.9193515,
      793416503.3075945,
      808058497.707902,
      822485071.1377726,
      836705213.890791,
      850727309.9508141,
      864559192.8597822,
      878208195.1127907,
      891681191.9773737,
      904984640.4902202,
      918124614.2667392,
      931106834.661941,
      943936698.740891,
      956619304.4502759,
      969159473.3269352,
      981561771.032414,
      993830525.9632785,
      1005969846.15364,
      1017983634.6579989,
      1029875603.5785418,
      1041649286.8803729,
      1053308052.1205075,
      1064855111.2013239,
      1076293530.245992,
      1087626238.6820793,
      1098856037.6097317,
      1109985607.5221696,
      1121017515.438852,
      1131954221.5050514,
      1142798085.1059194,
      1153551370.5380187,
      1164216252.2768838,
      1174794819.8753045,
      1185289082.523466,
      1195700973.2991135,
      1206032353.1330886,
      1216285014.5132415,
      1226460684.9475117,
      1236561030.2050383,
      1246587657.3524954,
      1256542117.6011887
    ]
  }
}