{
  "n_trials": 100,
  "top_k": 5,
  "n_completed": 87,
  "rows": [
    {
      "rank": 1,
      "trial": 11,
      "val_pinball": 979.1484284946085,
      "best_epoch": 80,
      "params": {
        "lookback": 24,
        "n_stacks": 2,
        "n_blocks": 2,
        "hidden_size": 512,
        "n_layers": 3,
        "learning_rate": 0.00048420803007295733,
        "batch_size": 8,
        "dropout": 0.12813369168999952,
        "revin_affine": false
      },
      "test": {
        "MAE": 5048.15966796875,
        "RMSE": 5786.943359375,
        "MAPE": 1.519672155380249,
        "sMAPE": 1.510478138923645,
        "PinballLoss": 1351.8316313244047
      }
    },
    {
      "rank": 2,
      "trial": 83,
      "val_pinball": 1031.4025671036457,
      "best_epoch": 81,
      "params": {
        "lookback": 24,
        "n_stacks": 2,
        "n_blocks": 2,
        "hidden_size": 512,
        "n_layers": 3,
        "learning_rate": 0.00014356822889885503,
        "batch_size": 8,
        "dropout": 0.07422243675885139,
        "revin_affine": false
      },
      "test": {
        "MAE": 6023.79443359375,
        "RMSE": 7473.67236328125,
        "MAPE": 1.865436315536499,
        "sMAPE": 1.8397095203399658,
        "PinballLoss": 1724.5410760788689
      }
    },
    {
      "rank": 3,
      "trial": 95,
      "val_pinball": 1065.5079987569313,
      "best_epoch": 60,
      "params": {
        "lookback": 24,
        "n_stacks": 2,
        "n_blocks": 2,
        "hidden_size": 512,
        "n_layers": 3,
        "learning_rate": 0.00014819729274653435,
        "batch_size": 8,
        "dropout": 0.06217925941058832,
        "revin_affine": true
      },
      "test": {
        "MAE": 5984.73193359375,
        "RMSE": 7684.39111328125,
        "MAPE": 1.8129749298095703,
        "sMAPE": 1.8330644369125366,
        "PinballLoss": 1766.514671688988
      }
    },
    {
      "rank": 4,
      "trial": 85,
      "val_pinball": 1154.0749752426252,
      "best_epoch": 107,
      "params": {
        "lookback": 24,
        "n_stacks": 2,
        "n_blocks": 2,
        "hidden_size": 512,
        "n_layers": 3,
        "learning_rate": 0.00017040302964278732,
        "batch_size": 8,
        "dropout": 0.08582669551604519,
        "revin_affine": false
      },
      "test": {
        "MAE": 5658.25830078125,
        "RMSE": 7467.216796875,
        "MAPE": 1.7037384510040283,
        "sMAPE": 1.6811403036117554,
        "PinballLoss": 1663.6830868675595
      }
    },
    {
      "rank": 5,
      "trial": 59,
      "val_pinball": 1175.3377068381567,
      "best_epoch": 106,
      "params": {
        "lookback": 24,
        "n_stacks": 2,
        "n_blocks": 2,
        "hidden_size": 448,
        "n_layers": 3,
        "learning_rate": 0.00014046017935892552,
        "batch_size": 8,
        "dropout": 0.12945950485425628,
        "revin_affine": false
      },
      "test": {
        "MAE": 4114.82958984375,
        "RMSE": 5254.91455078125,
        "MAPE": 1.2831575870513916,
        "sMAPE": 1.291873574256897,
        "PinballLoss": 1380.0114815848215
      }
    }
  ]
}