{
  "n_trials": 100,
  "top_k": 5,
  "n_completed": 73,
  "rows": [
    {
      "rank": 1,
      "trial": 70,
      "val_pinball": 933.0560950515905,
      "best_epoch": 179,
      "params": {
        "lookback": 24,
        "learning_rate": 0.00019505503578447792,
        "batch_size": 16,
        "revin_affine": true,
        "hidden_size": 384,
        "n_layers": 3,
        "dropout": 0.06870275994742903,
        "n_stacks": 2,
        "n_blocks": 3
      },
      "test": {
        "MAE": 4074.359375,
        "RMSE": 5089.76171875,
        "MAPE": 1.1487442255020142,
        "sMAPE": 1.146860122680664,
        "PinballLoss": 1113.7787295386904
      }
    },
    {
      "rank": 2,
      "trial": 76,
      "val_pinball": 1045.753670811254,
      "best_epoch": 57,
      "params": {
        "lookback": 24,
        "learning_rate": 0.00029971447958980187,
        "batch_size": 16,
        "revin_affine": true,
        "hidden_size": 384,
        "n_layers": 3,
        "dropout": 0.052047808961336525,
        "n_stacks": 2,
        "n_blocks": 3
      },
      "test": {
        "MAE": 4890.96240234375,
        "RMSE": 5872.60595703125,
        "MAPE": 1.4049965143203735,
        "sMAPE": 1.4052780866622925,
        "PinballLoss": 1337.4227818080358
      }
    },
    {
      "rank": 3,
      "trial": 74,
      "val_pinball": 1061.0783387076642,
      "best_epoch": 62,
      "params": {
        "lookback": 24,
        "learning_rate": 0.00019619352596091864,
        "batch_size": 16,
        "revin_affine": true,
        "hidden_size": 384,
        "n_layers": 3,
        "dropout": 0.07249411203465994,
        "n_stacks": 2,
        "n_blocks": 3
      },
      "test": {
        "MAE": 11142.3076171875,
        "RMSE": 12985.2412109375,
        "MAPE": 3.6273107528686523,
        "sMAPE": 3.7286226749420166,
        "PinballLoss": 3302.2663178943453
      }
    },
    {
      "rank": 4,
      "trial": 78,
      "val_pinball": 1068.7049068487763,
      "best_epoch": 64,
      "params": {
        "lookback": 24,
        "learning_rate": 0.00029861696883824273,
        "batch_size": 16,
        "revin_affine": true,
        "hidden_size": 384,
        "n_layers": 3,
        "dropout": 0.08658804173054531,
        "n_stacks": 2,
        "n_blocks": 3
      },
      "test": {
        "MAE": 8653.98046875,
        "RMSE": 11124.150390625,
        "MAPE": 2.8344414234161377,
        "sMAPE": 2.905938148498535,
        "PinballLoss": 2557.6595052083335
      }
    },
    {
      "rank": 5,
      "trial": 84,
      "val_pinball": 1115.9704389540289,
      "best_epoch": 61,
      "params": {
        "lookback": 24,
        "learning_rate": 0.0001800561218229049,
        "batch_size": 16,
        "revin_affine": true,
        "hidden_size": 384,
        "n_layers": 3,
        "dropout": 0.07599879042305092,
        "n_stacks": 2,
        "n_blocks": 3
      },
      "test": {
        "MAE": 4613.78466796875,
        "RMSE": 6405.5361328125,
        "MAPE": 1.3240684270858765,
        "sMAPE": 1.3093669414520264,
        "PinballLoss": 1557.8449032738095
      }
    }
  ]
}