{
  "metrics": {
    "RevIN+NBEATS": {
      "MAE": 3253.8828125,
      "RMSE": 4298.8916015625,
      "MAPE": 0.9672178626060486,
      "sMAPE": 0.9691809415817261,
      "PinballLoss": 1026.8977120535715
    },
    "Naive": {
      "MAE": 79188.0,
      "RMSE": 99342.97501081796,
      "MAPE": 22.761896882520364,
      "sMAPE": 22.74887138244924
    },
    "SeasonalNaive": {
      "MAE": 71494.83333333333,
      "RMSE": 96009.14372513346,
      "MAPE": 23.37359065016684,
      "sMAPE": 20.716089717801868
    }
  },
  "coverage": {
    "0.05": 0.0,
    "0.10": 0.08333333333333333,
    "0.25": 0.3333333333333333,
    "0.50": 0.5833333333333334,
    "0.75": 0.75,
    "0.90": 0.8333333333333334,
    "0.95": 0.8333333333333334
  }
}