{
  "metrics": {
    "RevIN+NBEATS": {
      "MAE": 5048.15966796875,
      "RMSE": 5786.943359375,
      "MAPE": 1.519672155380249,
      "sMAPE": 1.510478138923645,
      "PinballLoss": 1351.8316313244047
    },
    "Naive": {
      "MAE": 80045.16666666667,
      "RMSE": 95211.06330192587,
      "MAPE": 23.58812326475325,
      "sMAPE": 23.36408505454898
    },
    "SeasonalNaive": {
      "MAE": 72275.95833333333,
      "RMSE": 96970.88561930155,
      "MAPE": 21.848302491965065,
      "sMAPE": 20.97936961952408
    }
  },
  "coverage": {
    "0.05": 0.0,
    "0.10": 0.08333333333333333,
    "0.25": 0.4166666666666667,
    "0.50": 0.75,
    "0.75": 0.875,
    "0.90": 0.9583333333333334,
    "0.95": 1.0
  }
}