{
  "metrics": {
    "RevIN+NBEATS": {
      "MAE": 4074.359375,
      "RMSE": 5089.76171875,
      "MAPE": 1.1487442255020142,
      "sMAPE": 1.146860122680664,
      "PinballLoss": 1113.7787295386904
    },
    "Naive": {
      "MAE": 80045.16666666667,
      "RMSE": 95211.06330192587,
      "MAPE": 23.58812326475325,
      "sMAPE": 23.36408505454898
    },
    "SeasonalNaive": {
      "MAE": 72275.95833333333,
      "RMSE": 96970.88561930155,
      "MAPE": 21.848302491965065,
      "sMAPE": 20.97936961952408
    }
  },
  "coverage": {
    "0.05": 0.0,
    "0.10": 0.125,
    "0.25": 0.375,
    "0.50": 0.5833333333333334,
    "0.75": 0.7916666666666666,
    "0.90": 0.9583333333333334,
    "0.95": 0.9583333333333334
  }
}