{
  "n_trials": 100,
  "n_seeds": 3,
  "multivariate_features": [
    "Quantity",
    "IPI",
    "Imports",
    "RetailSales",
    "DisbursedFDI",
    "Exports",
    "CompetitorQuantity"
  ],
  "results": {
    "MLP": {
      "multivariate": false,
      "best_params": {
        "lookback": 21,
        "learning_rate": 0.005332278830357115,
        "batch_size": 8,
        "revin_affine": true,
        "hidden_size": 128,
        "n_layers": 3,
        "dropout": 0.007123821943233072
      },
      "best_val_pinball": 0.00347224615869068,
      "best_epoch": 109,
      "n_params": 36745,
      "n_trials": 100,
      "coverage": [
        0.11111111111111112,
        0.1527777777777778,
        0.2083333333333333,
        0.4444444444444444,
        0.5694444444444444,
        0.8333333333333334,
        0.8888888888888888
      ],
      "MAE": {
        "mean": 7187.862630208333,
        "std": 960.4863792422339
      },
      "RMSE": {
        "mean": 8848.84228515625,
        "std": 1070.268436642511
      },
      "MAPE": {
        "mean": 2.1780580282211304,
        "std": 0.3097580423097176
      },
      "PinballLoss": {
        "mean": 2234.4192227802578,
        "std": 234.36812159346198
      }
    },
    "DLinear": {
      "multivariate": true,
      "best_params": {
        "lookback": 24,
        "learning_rate": 0.0050463889120636,
        "batch_size": 8,
        "revin_affine": true,
        "kernel_size": 7
      },
      "best_val_pinball": 0.010298881218546914,
      "best_epoch": 151,
      "n_params": 2380,
      "n_trials": 100,
      "coverage": [
        0.041666666666666664,
        0.09722222222222222,
        0.1388888888888889,
        0.2777777777777778,
        0.5694444444444444,
        0.7083333333333334,
        0.8055555555555555
      ],
      "MAE": {
        "mean": 4854.303792317708,
        "std": 1405.9508641603506
      },
      "RMSE": {
        "mean": 6399.125732421875,
        "std": 1927.270143288048
      },
      "MAPE": {
        "mean": 1.4194349646568298,
        "std": 0.42719592584213534
      },
      "PinballLoss": {
        "mean": 1498.2660776289683,
        "std": 453.251428029005
      }
    },
    "TSMixer": {
      "multivariate": true,
      "best_params": {
        "lookback": 14,
        "learning_rate": 0.001246178310553254,
        "batch_size": 8,
        "revin_affine": false,
        "hidden_size": 256,
        "n_layers": 3,
        "dropout": 0.021551956661631438
      },
      "best_val_pinball": 0.011126434519177391,
      "best_epoch": 250,
      "n_params": 12948,
      "n_trials": 100,
      "coverage": [
        0.11111111111111112,
        0.16666666666666666,
        0.27777777777777773,
        0.4305555555555555,
        0.7361111111111112,
        0.9027777777777777,
        0.9583333333333334
      ],
      "MAE": {
        "mean": 5648.474609375,
        "std": 786.6042739221548
      },
      "RMSE": {
        "mean": 7097.989908854167,
        "std": 459.16898303840946
      },
      "MAPE": {
        "mean": 1.7517452637354534,
        "std": 0.29073256255041713
      },
      "PinballLoss": {
        "mean": 1614.6880688864087,
        "std": 204.56239841084894
      }
    },
    "NHITS": {
      "multivariate": false,
      "best_params": {
        "lookback": 24,
        "learning_rate": 0.001747234809517791,
        "batch_size": 32,
        "revin_affine": true,
        "hidden_size": 320,
        "n_layers": 2,
        "dropout": 0.11047990150466382
      },
      "best_val_pinball": 0.0028882306246530444,
      "best_epoch": 82,
      "n_params": 342785,
      "n_trials": 100,
      "coverage": [
        0.05555555555555555,
        0.1527777777777778,
        0.4861111111111111,
        0.7777777777777778,
        0.9166666666666666,
        1.0,
        1.0
      ],
      "MAE": {
        "mean": 6937.242838541667,
        "std": 941.9606242188081
      },
      "RMSE": {
        "mean": 8557.137532552084,
        "std": 1279.8093489983257
      },
      "MAPE": {
        "mean": 2.0934641361236572,
        "std": 0.2482533754424298
      },
      "PinballLoss": {
        "mean": 1976.9416449652779,
        "std": 247.8607607479284
      }
    },
    "NBEATS": {
      "multivariate": false,
      "best_params": {
        "lookback": 24,
        "learning_rate": 0.00019505503578447792,
        "batch_size": 16,
        "revin_affine": true,
        "hidden_size": 384,
        "n_layers": 3,
        "dropout": 0.06870275994742903,
        "n_stacks": 2,
        "n_blocks": 3
      },
      "best_val_pinball": 0.0026420473342850096,
      "best_epoch": 179,
      "n_params": 1903292,
      "n_trials": 100,
      "coverage": [
        0.013888888888888888,
        0.12499999999999999,
        0.36111111111111116,
        0.638888888888889,
        0.9027777777777778,
        0.9861111111111112,
        0.9861111111111112
      ],
      "MAE": {
        "mean": 3894.3585611979165,
        "std": 433.81374429562385
      },
      "RMSE": {
        "mean": 5101.135416666667,
        "std": 579.0061538104264
      },
      "MAPE": {
        "mean": 1.1167784333229065,
        "std": 0.1258874375379752
      },
      "PinballLoss": {
        "mean": 1145.000744047619,
        "std": 105.29487403392476
      }
    }
  }
}