{
  "params": {
    "lookback": 24,
    "learning_rate": 0.00019505503578447792,
    "batch_size": 16,
    "revin_affine": true,
    "hidden_size": 384,
    "n_layers": 3,
    "dropout": 0.06870275994742903,
    "n_stacks": 2,
    "n_blocks": 3
  },
  "horizon": 1,
  "quantiles": [
    0.05,
    0.1,
    0.25,
    0.5,
    0.75,
    0.9,
    0.95
  ],
  "scale": 353156.46428571426,
  "best_epoch": 179,
  "sigma_demand_monthly": 5104.478515625,
  "source": "tune_all (so sanh cong bang)"
}