{
  "params": {
    "lookback": 24,
    "n_stacks": 2,
    "n_blocks": 2,
    "hidden_size": 512,
    "n_layers": 3,
    "learning_rate": 0.00030819408864117483,
    "batch_size": 8,
    "dropout": 0.0016375726131938328,
    "revin_affine": false
  },
  "horizon": 1,
  "quantiles": [
    0.05,
    0.1,
    0.25,
    0.5,
    0.75,
    0.9,
    0.95
  ],
  "scale": 351189.1979166667,
  "best_epoch": 100,
  "best_val_pinball": 792.6194225115729,
  "sigma_demand_monthly": 4481.6201171875
}