{
  "params": {
    "lookback": 24,
    "n_stacks": 2,
    "n_blocks": 2,
    "hidden_size": 512,
    "n_layers": 3,
    "learning_rate": 0.00048420803007295733,
    "batch_size": 8,
    "dropout": 0.12813369168999952,
    "revin_affine": false
  },
  "horizon": 1,
  "quantiles": [
    0.05,
    0.1,
    0.25,
    0.5,
    0.75,
    0.9,
    0.95
  ],
  "scale": 353156.46428571426,
  "best_epoch": 80,
  "best_val_pinball": 979.1484284946085,
  "sigma_demand_monthly": 5194.763671875
}